{
  "project_info": {
    "project_number": "189559080701",
    "project_id": "bus-pass-registration-4736a",
    "storage_bucket": "bus-pass-registration-4736a.appspot.com"
  },
  "client": [
    {
      "client_info": {
        "mobilesdk_app_id": "1:189559080701:android:27f025eb364f4b3bdd2094",
        "android_client_info": {
          "package_name": "com.example.buspasssystem"
        }
      },
      "oauth_client": [],
      "api_key": [
        {
          "current_key": "AIzaSyA2Iw1HdSKj6vdC9mH2lJXUZ1B5Xq_CFLA"
        }
      ],
      "services": {
        "appinvite_service": {
          "other_platform_oauth_client": []
        }
      }
    }
  ],
  "configuration_version": "1"
}